{
  "properties": {
    "connectionReferences": {
      "shared_twitter_1": {
        "runtimeSource": "embedded",
        "connection": {
          "connectionReferenceLogicalName": "cr139_sharedtwitter_96508"
        },
        "api": {
          "name": "shared_twitter"
        }
      },
      "shared_sharepointonline": {
        "runtimeSource": "embedded",
        "connection": {
          "connectionReferenceLogicalName": "cr139_sharedsharepointonline_9f874"
        },
        "api": {
          "name": "shared_sharepointonline"
        }
      }
    },
    "definition": {
      "$schema": "https://schema.management.azure.com/providers/Microsoft.Logic/schemas/2016-06-01/workflowdefinition.json#",
      "contentVersion": "1.0.0.0",
      "parameters": {
        "$connections": {
          "defaultValue": {},
          "type": "Object"
        },
        "$authentication": {
          "defaultValue": {},
          "type": "SecureObject"
        },
        "M365 Incidents List (cr139_M365IncidentsList)": {
          "defaultValue": "f4b141d9-3634-4700-9796-6e27540a5e7a",
          "type": "String",
          "metadata": {
            "schemaName": "cr139_M365IncidentsList",
            "description": "SPO List for M365 Incidents"
          }
        },
        "SPO Site (cr139_SPOSite)": {
          "defaultValue": "https://microsoft.sharepoint.com/teams/JoeSpezialesDirects",
          "type": "String",
          "metadata": {
            "schemaName": "cr139_SPOSite",
            "description": "SPO site where incidents, message center and roadmap items lists will live in"
          }
        }
      },
      "triggers": {
        "When_an_item_is_created_or_modified": {
          "recurrence": {
            "interval": 1,
            "frequency": "Minute"
          },
          "splitOn": "@triggerBody()?['value']",
          "metadata": {
            "flowSystemMetadata": {
              "swaggerOperationId": "GetOnUpdatedItems"
            },
            "operationMetadataId": "0a41af90-adbe-407a-94a8-5cef641b3770"
          },
          "type": "ApiConnection",
          "inputs": {
            "host": {
              "connection": {
                "name": "@parameters('$connections')['shared_sharepointonline']['connectionId']"
              }
            },
            "method": "get",
            "path": "/datasets/@{encodeURIComponent(encodeURIComponent(parameters('SPO Site (cr139_SPOSite)')))}/tables/@{encodeURIComponent(encodeURIComponent(parameters('M365 Incidents List (cr139_M365IncidentsList)')))}/onupdateditems",
            "authentication": "@parameters('$authentication')"
          },
          "conditions": [
            {
              "expression": "@equals(triggerBody()?['Twitter'],'False')"
            }
          ]
        }
      },
      "actions": {
        "Search_tweets": {
          "runAfter": {},
          "metadata": {
            "flowSystemMetadata": {
              "swaggerOperationId": "SearchTweet"
            },
            "operationMetadataId": "6ac3f53b-6607-417e-98f8-8fca58d56803"
          },
          "type": "ApiConnection",
          "inputs": {
            "host": {
              "connection": {
                "name": "@parameters('$connections')['shared_twitter_1']['connectionId']"
              }
            },
            "method": "get",
            "path": "/searchtweets",
            "queries": {
              "searchQuery": "\"@{triggerBody()?['IncID']}\",from:@MSFT365Status",
              "maxResults": 20
            },
            "authentication": "@parameters('$authentication')"
          }
        },
        "Condition": {
          "actions": {},
          "runAfter": {
            "Search_tweets": [
              "Succeeded"
            ]
          },
          "else": {
            "actions": {
              "Update_item": {
                "runAfter": {},
                "metadata": {
                  "flowSystemMetadata": {
                    "swaggerOperationId": "PatchItem"
                  },
                  "operationMetadataId": "a9042fc6-431d-46d2-b058-1c6917832369"
                },
                "type": "ApiConnection",
                "inputs": {
                  "host": {
                    "connection": {
                      "name": "@parameters('$connections')['shared_sharepointonline']['connectionId']"
                    }
                  },
                  "method": "patch",
                  "body": {
                    "Title": "@triggerBody()?['Title']",
                    "Twitter": "True"
                  },
                  "path": "/datasets/@{encodeURIComponent(encodeURIComponent(parameters('SPO Site (cr139_SPOSite)')))}/tables/@{encodeURIComponent(encodeURIComponent(parameters('M365 Incidents List (cr139_M365IncidentsList)')))}/items/@{encodeURIComponent(triggerBody()?['ID'])}",
                  "authentication": "@parameters('$authentication')"
                }
              }
            }
          },
          "expression": "@equals(length(body('Search_tweets')), 0)",
          "metadata": {
            "operationMetadataId": "13d6dd5f-ba0b-411c-9b11-f213d7c0ddc0"
          },
          "type": "If"
        }
      },
      "outputs": {}
    },
    "templateName": null
  },
  "schemaVersion": "1.0.0.0"
}