{"schemaVersion":"1.0","appDefinitionTemplate":{"id":"/providers/Microsoft.PowerApps/apps/","type":"Microsoft.PowerApps/apps","tags":{"primaryDeviceWidth":"1366","primaryDeviceHeight":"768","supportsPortrait":"true","supportsLandscape":"true","primaryFormFactor":"Tablet","publisherVersion":"3.22122.15","minimumRequiredApiVersion":"2.2.0","hasComponent":"false","hasUnlockedComponent":"false","isUnifiedRootApp":"false","sienaVersion":"20230113T192525Z-3.22122.15.0"},"properties":{"appVersion":"2023-01-13T19:25:25Z","lifeCycleId":"Published","createdByClientVersion":{"major":3,"minor":22122,"build":15,"revision":0,"majorRevision":0,"minorRevision":0},"minClientVersion":{"major":3,"minor":22122,"build":15,"revision":0,"majorRevision":0,"minorRevision":0},"backgroundColor":"RGBA(0,176,240,1)","backgroundImageUri":"/3693698089574989128/N92d7de27-5fb7-479f-a8ae-62c348320c55-logoSmallFile","displayName":"Group Membership","description":"","commitMessage":"","appUris":{"documentUri":{"value":"/3693698089574989128/N76cad8b2-39c6-4646-be94-755f43e2d200-document.msapp"},"imageUris":[],"additionalUris":[]},"createdTime":"0001-01-01T00:00:00Z","lastModifiedTime":"0001-01-01T00:00:00Z","sharedGroupsCount":0,"sharedUsersCount":0,"icons":{"smallIconUri":"/3693698089574989128/N38b379b1-17b1-423a-8e6a-422270c80f22-small.png","mediumIconUri":"/3693698089574989128/Nf9ee5c4a-9d86-481c-8f35-133fe000ba2e-medium.png","largeIconUri":"/3693698089574989128/N1d1f80e3-54a5-4ddb-9be6-fb2d6735e129-large.png","wideIconUri":"/3693698089574989128/N8ccf6426-408b-4a41-ad03-b51c3defe167-wide.png"},"connectionReferences":{"95d20ef4-0042-4b5b-a30b-ab4dc9ea7462":{"id":"150a84cb-a4fc-44b6-aeee-a8dcdee50cd1","displayName":"Office 365 Groups","iconUri":"https://connectoricons-prod.azureedge.net/u/juanq/releases/v1.0.1609-localization/1.0.1609.3085/office365groups/icon.png","dataSources":["Office365Groups"],"dependencies":[],"dependents":[],"parameterHints":{},"parameterHintsV2":{},"isOnPremiseConnection":false,"bypassConsent":false,"dataSets":{},"apiTier":"Standard","isCustomApiConnection":false,"actions":["ListGroupMembers"]},"11b42d1b-50c0-49a1-9944-7aa8e51548fe":{"id":"bda4050b-cee7-4371-b018-a46b3509e8ff","displayName":"Office 365 Users","iconUri":"https://connectoricons-prod.azureedge.net/releases/v1.0.1611/1.0.1611.3104/office365users/icon.png","dataSources":["Office365Users"],"dependencies":[],"dependents":[],"parameterHints":{},"parameterHintsV2":{},"isOnPremiseConnection":false,"bypassConsent":false,"dataSets":{},"apiTier":"Standard","isCustomApiConnection":false,"actions":["SearchUserV2"]},"e4dc2ac4-7583-44bb-a243-9333c094d2ef":{"id":"081b343f-c055-4350-8629-8d6acfd807b2","displayName":"Azure AD","iconUri":"https://connectoricons-prod.azureedge.net/releases/v1.0.1600/1.0.1600.3026/azuread/icon.png","dataSources":["AzureAD"],"dependencies":[],"dependents":[],"parameterHints":{},"parameterHintsV2":{},"isOnPremiseConnection":false,"bypassConsent":false,"dataSets":{},"apiTier":"Standard","isCustomApiConnection":false,"actions":["GetMemberGroupsV2","GetGroup"]}},"databaseReferences":{},"almMode":"Environment","performanceOptimizationEnabled":true,"canConsumeAppPass":true,"enableModernRuntimeMode":false,"executionRestrictions":{"isTeamsOnly":false,"dataLossPreventionEvaluationResult":{"status":"Compliant","lastEvaluationDate":"2023-01-13T18:55:47.7235999Z","violations":[],"violationsByPolicy":[],"violationErrorMessage":"The app uses the following connectors: shared_office365groups, shared_office365users, shared_azuread."}}},"appType":"ClassicCanvasApp","appComponents":[]}}