{
  "properties": {
    "connectionReferences": {
      "shared_sharepointonline_1": {
        "runtimeSource": "embedded",
        "connection": {
          "connectionReferenceLogicalName": "cr139_sharedsharepointonline_9f874"
        },
        "api": {
          "name": "shared_sharepointonline"
        }
      }
    },
    "definition": {
      "$schema": "https://schema.management.azure.com/providers/Microsoft.Logic/schemas/2016-06-01/workflowdefinition.json#",
      "contentVersion": "1.0.0.0",
      "parameters": {
        "$connections": {
          "defaultValue": {},
          "type": "Object"
        },
        "$authentication": {
          "defaultValue": {},
          "type": "SecureObject"
        },
        "M365 RoadMap List (cr139_M365RoadMapList)": {
          "defaultValue": "08cbe176-dab5-46d6-908d-6b164e6c9866",
          "type": "String",
          "metadata": {
            "schemaName": "cr139_M365RoadMapList",
            "description": "SPO List for MS RoadMap"
          }
        },
        "SPO Site (cr139_SPOSite)": {
          "defaultValue": "https://microsoft.sharepoint.com/teams/JoeSpezialesDirects",
          "type": "String",
          "metadata": {
            "schemaName": "cr139_SPOSite",
            "description": "SPO site where incidents, message center and roadmap items lists will live in"
          }
        }
      },
      "triggers": {
        "Recurrence": {
          "recurrence": {
            "frequency": "Week",
            "interval": 1,
            "timeZone": "Central Standard Time",
            "schedule": {
              "weekDays": [
                "Monday"
              ]
            }
          },
          "metadata": {
            "operationMetadataId": "238efb22-6618-4144-bdf7-6ed4a99ce291"
          },
          "type": "Recurrence"
        }
      },
      "actions": {
        "HTTP": {
          "runAfter": {},
          "metadata": {
            "operationMetadataId": "eb145254-1c50-4c3e-9456-79018c90792d"
          },
          "type": "Http",
          "inputs": {
            "method": "GET",
            "uri": "https://roadmap-api.azurewebsites.net/api/features"
          }
        },
        "Parse_JSON": {
          "runAfter": {
            "HTTP": [
              "Succeeded"
            ]
          },
          "metadata": {
            "operationMetadataId": "6e2151c2-9749-4e92-a9c1-a88af3fdeeed"
          },
          "type": "ParseJson",
          "inputs": {
            "content": "@body('HTTP')",
            "schema": {
              "type": "array",
              "items": {
                "type": "object",
                "properties": {
                  "tags": {
                    "type": "array",
                    "items": {
                      "type": "object",
                      "properties": {
                        "tagName": {
                          "type": "string"
                        }
                      },
                      "required": [
                        "tagName"
                      ]
                    }
                  },
                  "id": {
                    "type": "integer"
                  },
                  "title": {
                    "type": "string"
                  },
                  "description": {
                    "type": "string"
                  },
                  "status": {
                    "type": "string"
                  },
                  "moreInfoLink": {},
                  "publicRoadmapStatus": {
                    "type": "string"
                  },
                  "created": {
                    "type": "string"
                  },
                  "modified": {
                    "type": "string"
                  },
                  "publicDisclosureAvailabilityDate": {},
                  "publicPreviewDate": {}
                },
                "required": [
                  "tags",
                  "tagsContainer",
                  "id",
                  "title",
                  "description",
                  "status",
                  "moreInfoLink",
                  "publicRoadmapStatus",
                  "created",
                  "modified",
                  "publicDisclosureAvailabilityDate",
                  "publicPreviewDate"
                ]
              }
            }
          }
        },
        "Apply_to_each": {
          "foreach": "@body('Parse_JSON')",
          "actions": {
            "Get_items": {
              "runAfter": {},
              "metadata": {
                "operationMetadataId": "55dfb879-7c8b-4932-98a6-bd045a68b639"
              },
              "type": "OpenApiConnection",
              "inputs": {
                "host": {
                  "connectionName": "shared_sharepointonline_1",
                  "operationId": "GetItems",
                  "apiId": "/providers/Microsoft.PowerApps/apis/shared_sharepointonline"
                },
                "parameters": {
                  "dataset": "@parameters('SPO Site (cr139_SPOSite)')",
                  "table": "@parameters('M365 RoadMap List (cr139_M365RoadMapList)')",
                  "$filter": "RoadMapID eq '@{items('Apply_to_each')['id']}'"
                },
                "authentication": "@parameters('$authentication')"
              }
            },
            "Condition": {
              "actions": {
                "Create_item": {
                  "runAfter": {},
                  "metadata": {
                    "operationMetadataId": "04ee695b-d80d-4ca6-bfe5-7574ad382262"
                  },
                  "type": "OpenApiConnection",
                  "inputs": {
                    "host": {
                      "connectionName": "shared_sharepointonline_1",
                      "operationId": "PostItem",
                      "apiId": "/providers/Microsoft.PowerApps/apis/shared_sharepointonline"
                    },
                    "parameters": {
                      "dataset": "@parameters('SPO Site (cr139_SPOSite)')",
                      "table": "@parameters('M365 RoadMap List (cr139_M365RoadMapList)')",
                      "item/Title": "@items('Apply_to_each')['title']",
                      "item/RoadMapID": "@items('Apply_to_each')['id']",
                      "item/Link": "https://www.microsoft.com/en-us/microsoft-365/roadmap?featureid=@{items('Apply_to_each')['id']}",
                      "item/Description": "@items('Apply_to_each')['description']",
                      "item/Status": "@items('Apply_to_each')['status']",
                      "item/MoreInfoLink": "@items('Apply_to_each')['moreInfoLink']",
                      "item/PublicRoadMapStatus": "@items('Apply_to_each')['publicRoadmapStatus']",
                      "item/Tags": "@outputs('Compose_2')",
                      "item/CreatedDate": "@items('Apply_to_each')['created']",
                      "item/ModifiedDate": "@items('Apply_to_each')['modified']",
                      "item/PublicDisclosureAvailabilityDate": "@items('Apply_to_each')['publicDisclosureAvailabilityDate']"
                    },
                    "authentication": "@parameters('$authentication')"
                  }
                }
              },
              "runAfter": {
                "Compose_2": [
                  "Succeeded"
                ]
              },
              "else": {
                "actions": {
                  "Apply_to_each_2": {
                    "foreach": "@outputs('Get_items')?['body/value']",
                    "actions": {
                      "Condition_2": {
                        "actions": {},
                        "runAfter": {},
                        "else": {
                          "actions": {
                            "Update_item": {
                              "runAfter": {},
                              "metadata": {
                                "operationMetadataId": "936ea948-1056-4875-b186-dae9e2cdd5f7"
                              },
                              "type": "OpenApiConnection",
                              "inputs": {
                                "host": {
                                  "connectionName": "shared_sharepointonline_1",
                                  "operationId": "PatchItem",
                                  "apiId": "/providers/Microsoft.PowerApps/apis/shared_sharepointonline"
                                },
                                "parameters": {
                                  "dataset": "@parameters('SPO Site (cr139_SPOSite)')",
                                  "table": "@parameters('M365 RoadMap List (cr139_M365RoadMapList)')",
                                  "id": "@items('Apply_to_each_2')?['ID']",
                                  "item/Title": "@items('Apply_to_each_2')?['Title']",
                                  "item/Description": "@items('Apply_to_each')['description']",
                                  "item/Status": "@items('Apply_to_each')['status']",
                                  "item/MoreInfoLink": "@items('Apply_to_each')['moreInfoLink']",
                                  "item/PublicRoadMapStatus": "@items('Apply_to_each')['publicRoadmapStatus']",
                                  "item/Tags": "@outputs('Compose_2')",
                                  "item/ModifiedDate": "@items('Apply_to_each')['modified']",
                                  "item/PublicDisclosureAvailabilityDate": "@items('Apply_to_each')['publicDisclosureAvailabilityDate']"
                                },
                                "authentication": "@parameters('$authentication')"
                              }
                            }
                          }
                        },
                        "expression": {
                          "equals": [
                            "@formatDateTime(items('Apply_to_each_2')?['ModifiedDate'],'yyyy/MM/dd hh:mm tt')",
                            "@formatDateTime(items('Apply_to_each')?['Modified'],'yyyy/MM/dd hh:mm tt')"
                          ]
                        },
                        "metadata": {
                          "operationMetadataId": "1c562203-5fc8-4e60-874a-363676697278"
                        },
                        "type": "If"
                      }
                    },
                    "runAfter": {},
                    "metadata": {
                      "operationMetadataId": "616e06d6-b23f-47ed-b40f-a34a116f6f73"
                    },
                    "type": "Foreach"
                  }
                }
              },
              "expression": {
                "equals": [
                  "@length(body('Get_items')?['value'])",
                  0
                ]
              },
              "metadata": {
                "operationMetadataId": "9e0cc2ff-c768-4b36-b710-44d45d306978"
              },
              "type": "If"
            },
            "Compose": {
              "runAfter": {
                "Get_items": [
                  "Succeeded"
                ]
              },
              "metadata": {
                "operationMetadataId": "a8bc297d-31df-4970-aaad-26ccdbdaa401"
              },
              "type": "Compose",
              "inputs": "@string(items('Apply_to_each')?['tags'])"
            },
            "Compose_2": {
              "runAfter": {
                "Compose": [
                  "Succeeded"
                ]
              },
              "metadata": {
                "operationMetadataId": "8e5d4a59-dca3-4bf5-919e-d223bbd773e6"
              },
              "type": "Compose",
              "inputs": "@replace(replace(replace(replace(replace(replace(outputs('Compose'),'[',''),']',''),'\"',''),',',', '),'{tagName:',''),'}','')"
            }
          },
          "runAfter": {
            "Parse_JSON": [
              "Succeeded"
            ]
          },
          "metadata": {
            "operationMetadataId": "561484b6-42cc-48f3-8dc9-f9a827ebf087"
          },
          "type": "Foreach"
        }
      },
      "outputs": {}
    }
  },
  "schemaVersion": "1.0.0.0"
}