{
  "properties": {
    "connectionReferences": {
      "shared_sharepointonline_1": {
        "runtimeSource": "embedded",
        "connection": {
          "connectionReferenceLogicalName": "cr139_sharedsharepointonline_9f874"
        },
        "api": {
          "name": "shared_sharepointonline"
        }
      }
    },
    "definition": {
      "$schema": "https://schema.management.azure.com/providers/Microsoft.Logic/schemas/2016-06-01/workflowdefinition.json#",
      "contentVersion": "1.0.0.0",
      "parameters": {
        "$connections": {
          "defaultValue": {},
          "type": "Object"
        },
        "$authentication": {
          "defaultValue": {},
          "type": "SecureObject"
        },
        "M365 Message Center List (cr139_M365MessageCenterList)": {
          "defaultValue": "8bdc42b9-1478-4e7a-a333-886982900f07",
          "type": "String",
          "metadata": {
            "schemaName": "cr139_M365MessageCenterList",
            "description": "SPO List for Message Center items"
          }
        },
        "Tenant ID (cr139_TenantID)": {
          "defaultValue": "c2593687-bdd2-40dc-9d37-140efdbbfed3",
          "type": "String",
          "metadata": {
            "schemaName": "cr139_TenantID"
          }
        },
        "App ID (cr139_AppID)": {
          "defaultValue": "6d034b8c-e9b2-44b7-ae1b-c2dd08cc74eb",
          "type": "String",
          "metadata": {
            "schemaName": "cr139_AppID"
          }
        },
        "Secret (cr139_Secret)": {
          "defaultValue": "Vrb8Q~fmTIw4JZGKZMcTXUuEHKTqMSnBPd35laeE",
          "type": "String",
          "metadata": {
            "schemaName": "cr139_Secret"
          }
        },
        "SPO Site (cr139_SPOSite)": {
          "defaultValue": "https://andromeda1987.sharepoint.com/sites/M365Adoption",
          "type": "String",
          "metadata": {
            "schemaName": "cr139_SPOSite",
            "description": "SPO site where incidents, message center and roadmap items lists will live in"
          }
        }
      },
      "triggers": {
        "Recurrence": {
          "recurrence": {
            "frequency": "Day",
            "interval": 1,
            "timeZone": "Central Standard Time",
            "schedule": {
              "hours": [
                "8"
              ]
            }
          },
          "metadata": {
            "operationMetadataId": "3c656b46-86af-4271-8ced-7f5a7205da95"
          },
          "type": "Recurrence"
        }
      },
      "actions": {
        "HTTP": {
          "runAfter": {},
          "metadata": {
            "operationMetadataId": "9746e20e-cafc-45fa-9591-8df1194103a7"
          },
          "type": "Http",
          "inputs": {
            "method": "GET",
            "uri": "https://graph.microsoft.com/v1.0/admin/serviceAnnouncement/messages",
            "headers": {
              "Content-Type": "application/json"
            },
            "authentication": {
              "type": "ActiveDirectoryOAuth",
              "tenant": "@parameters('Tenant ID (cr139_TenantID)')",
              "audience": "https://graph.microsoft.com",
              "clientId": "@parameters('App ID (cr139_AppID)')",
              "secret": "@parameters('Secret (cr139_Secret)')"
            }
          },
          "runtimeConfiguration": {
            "paginationPolicy": {
              "minimumItemCount": 1000
            }
          }
        },
        "Parse_JSON": {
          "runAfter": {
            "HTTP": [
              "Succeeded"
            ]
          },
          "metadata": {
            "operationMetadataId": "704790b6-46b2-46ca-8535-613f1b866fc0"
          },
          "type": "ParseJson",
          "inputs": {
            "content": "@body('HTTP')",
            "schema": {
              "type": "object",
              "properties": {
                "value": {
                  "type": "array",
                  "items": {
                    "type": "object",
                    "properties": {
                      "startDateTime": {
                        "type": "string"
                      },
                      "endDateTime": {
                        "type": "string"
                      },
                      "lastModifiedDateTime": {
                        "type": "string"
                      },
                      "title": {
                        "type": "string"
                      },
                      "id": {
                        "type": "string"
                      },
                      "category": {
                        "type": "string"
                      },
                      "severity": {
                        "type": "string"
                      },
                      "tags": {
                        "type": "array",
                        "items": {
                          "type": "string"
                        }
                      },
                      "isMajorChange": {
                        "type": "boolean"
                      },
                      "actionRequiredByDateTime": {},
                      "services": {
                        "type": "array",
                        "items": {
                          "type": "string"
                        }
                      },
                      "expiryDateTime": {},
                      "viewPoint": {},
                      "details": {
                        "type": "array"
                      },
                      "body": {
                        "type": "object",
                        "properties": {
                          "contentType": {
                            "type": "string"
                          },
                          "content": {
                            "type": "string"
                          }
                        }
                      }
                    },
                    "required": [
                      "startDateTime",
                      "endDateTime",
                      "lastModifiedDateTime",
                      "title",
                      "id",
                      "category",
                      "severity",
                      "tags",
                      "isMajorChange",
                      "actionRequiredByDateTime",
                      "services",
                      "expiryDateTime",
                      "viewPoint",
                      "details",
                      "body"
                    ]
                  }
                }
              }
            }
          }
        },
        "Apply_to_each": {
          "foreach": "@body('Parse_JSON')?['value']",
          "actions": {
            "Get_items": {
              "runAfter": {},
              "metadata": {
                "operationMetadataId": "3eb1460b-993d-492d-b3d6-4c9831d17ffc"
              },
              "type": "OpenApiConnection",
              "inputs": {
                "host": {
                  "connectionName": "shared_sharepointonline_1",
                  "operationId": "GetItems",
                  "apiId": "/providers/Microsoft.PowerApps/apis/shared_sharepointonline"
                },
                "parameters": {
                  "dataset": "@parameters('SPO Site (cr139_SPOSite)')",
                  "table": "@parameters('M365 Message Center List (cr139_M365MessageCenterList)')",
                  "$filter": "MessageCenterID eq '@{items('Apply_to_each')?['id']}'"
                },
                "authentication": "@parameters('$authentication')"
              },
              "runtimeConfiguration": {
                "paginationPolicy": {
                  "minimumItemCount": 2000
                }
              }
            },
            "Condition": {
              "actions": {
                "Create_item": {
                  "runAfter": {},
                  "metadata": {
                    "operationMetadataId": "e9b71bf2-7726-4f67-81e6-3a96ad9bea0c"
                  },
                  "type": "OpenApiConnection",
                  "inputs": {
                    "host": {
                      "connectionName": "shared_sharepointonline_1",
                      "operationId": "PostItem",
                      "apiId": "/providers/Microsoft.PowerApps/apis/shared_sharepointonline"
                    },
                    "parameters": {
                      "dataset": "@parameters('SPO Site (cr139_SPOSite)')",
                      "table": "@parameters('M365 Message Center List (cr139_M365MessageCenterList)')",
                      "item/Title": "@items('Apply_to_each')?['title']",
                      "item/Link": "https://admin.microsoft.com/?auth_upn=admin%40M365x38197403.onmicrosoft.com&source=applauncher&ref=MessageCenter/:/messages/@{items('Apply_to_each')?['id']}",
                      "item/MessageCenterID": "@items('Apply_to_each')?['id']",
                      "item/Description": "@items('Apply_to_each')?['body']?['content']",
                      "item/ActbyDate": "@items('Apply_to_each')?['actionRequiredByDateTime']",
                      "item/Category": "@items('Apply_to_each')?['category']",
                      "item/Status/Value": "New",
                      "item/Severity": "@items('Apply_to_each')?['severity']",
                      "item/CreatedDate": "@items('Apply_to_each')?['startDateTime']",
                      "item/ModifiedDate": "@items('Apply_to_each')?['lastModifiedDateTime']",
                      "item/EndDate": "@items('Apply_to_each')?['endDateTime']",
                      "item/SolutionAffected": "@outputs('Compose_2')"
                    },
                    "authentication": "@parameters('$authentication')"
                  }
                }
              },
              "runAfter": {
                "Compose_2": [
                  "Succeeded"
                ]
              },
              "else": {
                "actions": {
                  "Apply_to_each_2": {
                    "foreach": "@outputs('Get_items')?['body/value']",
                    "actions": {
                      "Condition_2": {
                        "actions": {},
                        "runAfter": {},
                        "else": {
                          "actions": {
                            "Update_item": {
                              "runAfter": {},
                              "metadata": {
                                "operationMetadataId": "7b84eb05-d088-42fe-9402-1aeef7f4cf72"
                              },
                              "type": "OpenApiConnection",
                              "inputs": {
                                "host": {
                                  "connectionName": "shared_sharepointonline_1",
                                  "operationId": "PatchItem",
                                  "apiId": "/providers/Microsoft.PowerApps/apis/shared_sharepointonline"
                                },
                                "parameters": {
                                  "dataset": "@parameters('SPO Site (cr139_SPOSite)')",
                                  "table": "@parameters('M365 Message Center List (cr139_M365MessageCenterList)')",
                                  "id": "@items('Apply_to_each_2')?['ID']",
                                  "item/Title": "@items('Apply_to_each_2')?['Title']",
                                  "item/Description": "@items('Apply_to_each')?['body']?['content']",
                                  "item/ActbyDate": "@items('Apply_to_each')?['actionRequiredByDateTime']",
                                  "item/Category": "@items('Apply_to_each')?['category']",
                                  "item/Status/Value": "Updated",
                                  "item/Severity": "@items('Apply_to_each')?['severity']",
                                  "item/ModifiedDate": "@items('Apply_to_each')?['lastModifiedDateTime']",
                                  "item/EndDate": "@items('Apply_to_each')?['endDateTime']",
                                  "item/SolutionAffected": "@outputs('Compose_2')"
                                },
                                "authentication": "@parameters('$authentication')"
                              }
                            }
                          }
                        },
                        "expression": {
                          "equals": [
                            "@formatDateTime(items('Apply_to_each_2')?['ModifiedDate'],'yyyy/MM/dd hh:mm tt')",
                            "@formatDateTime(items('Apply_to_each')?['lastModifiedDateTime'],'yyyy/MM/dd hh:mm tt')"
                          ]
                        },
                        "metadata": {
                          "operationMetadataId": "c7a334eb-e45b-4265-ac69-27df5dddc87c"
                        },
                        "type": "If"
                      }
                    },
                    "runAfter": {},
                    "metadata": {
                      "operationMetadataId": "25bf7876-3709-4a3d-8d09-dbc083e12033"
                    },
                    "type": "Foreach"
                  }
                }
              },
              "expression": {
                "equals": [
                  "@length(body('Get_items')?['value'])",
                  0
                ]
              },
              "metadata": {
                "operationMetadataId": "01d38809-9ae9-4f95-8318-9de9e2064388"
              },
              "type": "If"
            },
            "Compose": {
              "runAfter": {
                "Get_items": [
                  "Succeeded"
                ]
              },
              "metadata": {
                "operationMetadataId": "01021ecc-779f-485f-b87b-d782e81ac3fa"
              },
              "type": "Compose",
              "inputs": "@string(items('Apply_to_each')?['services'])"
            },
            "Compose_2": {
              "runAfter": {
                "Compose": [
                  "Succeeded"
                ]
              },
              "metadata": {
                "operationMetadataId": "12871bb3-49cb-4913-8a27-c02aa9ec180e"
              },
              "type": "Compose",
              "inputs": "@replace(replace(replace(replace(outputs('Compose'),'[',''),']',''),'\"',''),',',', ')"
            }
          },
          "runAfter": {
            "Parse_JSON": [
              "Succeeded"
            ]
          },
          "metadata": {
            "operationMetadataId": "943ca1a8-9ec6-45ba-a247-d11b4d2ee275"
          },
          "type": "Foreach"
        }
      },
      "outputs": {}
    }
  },
  "schemaVersion": "1.0.0.0"
}