{
  "properties": {
    "connectionReferences": {
      "shared_sharepointonline_1": {
        "runtimeSource": "embedded",
        "connection": {
          "connectionReferenceLogicalName": "cr139_sharedsharepointonline_9f874"
        },
        "api": {
          "name": "shared_sharepointonline"
        }
      }
    },
    "definition": {
      "$schema": "https://schema.management.azure.com/providers/Microsoft.Logic/schemas/2016-06-01/workflowdefinition.json#",
      "contentVersion": "1.0.0.0",
      "parameters": {
        "$connections": {
          "defaultValue": {},
          "type": "Object"
        },
        "$authentication": {
          "defaultValue": {},
          "type": "SecureObject"
        },
        "M365 Incidents List (cr139_M365IncidentsList)": {
          "defaultValue": "979a3200-2991-46f0-ac14-ffc93635942c",
          "type": "String",
          "metadata": {
            "schemaName": "cr139_M365IncidentsList",
            "description": "SPO List for M365 Incidents"
          }
        },
        "Tenant ID (cr139_TenantID)": {
          "defaultValue": "c2593687-bdd2-40dc-9d37-140efdbbfed3",
          "type": "String",
          "metadata": {
            "schemaName": "cr139_TenantID"
          }
        },
        "App ID (cr139_AppID)": {
          "defaultValue": "6d034b8c-e9b2-44b7-ae1b-c2dd08cc74eb",
          "type": "String",
          "metadata": {
            "schemaName": "cr139_AppID"
          }
        },
        "Secret (cr139_Secret)": {
          "defaultValue": "Vrb8Q~fmTIw4JZGKZMcTXUuEHKTqMSnBPd35laeE",
          "type": "String",
          "metadata": {
            "schemaName": "cr139_Secret"
          }
        },
        "SPO Site (cr139_SPOSite)": {
          "defaultValue": "https://andromeda1987.sharepoint.com/sites/M365Adoption",
          "type": "String",
          "metadata": {
            "schemaName": "cr139_SPOSite",
            "description": "SPO site where incidents, message center and roadmap items lists will live in"
          }
        }
      },
      "triggers": {
        "Recurrence": {
          "recurrence": {
            "frequency": "Hour",
            "interval": 1,
            "timeZone": "Central Standard Time"
          },
          "metadata": {
            "operationMetadataId": "238efb22-6618-4144-bdf7-6ed4a99ce291"
          },
          "type": "Recurrence"
        }
      },
      "actions": {
        "Get_Microsoft_365_Incidents": {
          "runAfter": {},
          "metadata": {
            "operationMetadataId": "780be6b3-857e-4dfc-b544-c9b767add31e"
          },
          "type": "Http",
          "inputs": {
            "method": "GET",
            "uri": "https://graph.microsoft.com/v1.0/admin/serviceAnnouncement/issues",
            "headers": {
              "Content-Type": "application/json"
            },
            "authentication": {
              "type": "ActiveDirectoryOAuth",
              "tenant": "@parameters('Tenant ID (cr139_TenantID)')",
              "audience": "https://graph.microsoft.com",
              "clientId": "@parameters('App ID (cr139_AppID)')",
              "secret": "@parameters('Secret (cr139_Secret)')"
            }
          },
          "runtimeConfiguration": {
            "paginationPolicy": {
              "minimumItemCount": 1000
            }
          }
        },
        "Parse_JSON": {
          "runAfter": {
            "Get_Microsoft_365_Incidents": [
              "Succeeded"
            ]
          },
          "metadata": {
            "operationMetadataId": "d9b7486d-f265-4969-9a4a-787541c28c25"
          },
          "type": "ParseJson",
          "inputs": {
            "content": "@body('Get_Microsoft_365_Incidents')",
            "schema": {
              "type": "object",
              "properties": {
                "value": {
                  "type": "array",
                  "items": {
                    "type": "object",
                    "properties": {
                      "startDateTime": {},
                      "endDateTime": {},
                      "lastModifiedDateTime": {},
                      "title": {},
                      "id": {},
                      "impactDescription": {},
                      "classification": {},
                      "origin": {},
                      "status": {},
                      "service": {},
                      "feature": {},
                      "featureGroup": {},
                      "isResolved": {},
                      "highImpact": {},
                      "details": {
                        "type": "array"
                      },
                      "posts": {
                        "type": "array",
                        "items": {
                          "type": "object",
                          "properties": {
                            "createdDateTime": {
                              "type": "string"
                            },
                            "postType": {
                              "type": "string"
                            },
                            "description": {
                              "type": "object",
                              "properties": {
                                "contentType": {
                                  "type": "string"
                                },
                                "content": {
                                  "type": "string"
                                }
                              }
                            }
                          },
                          "required": [
                            "createdDateTime",
                            "postType",
                            "description"
                          ]
                        }
                      }
                    },
                    "required": [
                      "startDateTime",
                      "endDateTime",
                      "lastModifiedDateTime",
                      "title",
                      "id",
                      "impactDescription",
                      "classification",
                      "origin",
                      "status",
                      "service",
                      "feature",
                      "featureGroup",
                      "isResolved",
                      "highImpact",
                      "details",
                      "posts"
                    ]
                  }
                }
              }
            }
          }
        },
        "Apply_to_each": {
          "foreach": "@body('Parse_JSON')?['value']",
          "actions": {
            "Get_items": {
              "runAfter": {},
              "metadata": {
                "operationMetadataId": "11f2e78e-ef31-49d7-8a98-4511f0605fee"
              },
              "type": "OpenApiConnection",
              "inputs": {
                "host": {
                  "connectionName": "shared_sharepointonline_1",
                  "operationId": "GetItems",
                  "apiId": "/providers/Microsoft.PowerApps/apis/shared_sharepointonline"
                },
                "parameters": {
                  "dataset": "@parameters('SPO Site (cr139_SPOSite)')",
                  "table": "@parameters('M365 Incidents List (cr139_M365IncidentsList)')",
                  "$filter": "IncID eq '@{items('Apply_to_each')?['id']}'"
                },
                "authentication": "@parameters('$authentication')"
              },
              "runtimeConfiguration": {
                "paginationPolicy": {
                  "minimumItemCount": 2000
                }
              }
            },
            "Condition": {
              "actions": {
                "Create_item": {
                  "runAfter": {},
                  "metadata": {
                    "operationMetadataId": "f70738f6-d494-4854-9731-b64dc41b4bc6"
                  },
                  "type": "OpenApiConnection",
                  "inputs": {
                    "host": {
                      "connectionName": "shared_sharepointonline_1",
                      "operationId": "PostItem",
                      "apiId": "/providers/Microsoft.PowerApps/apis/shared_sharepointonline"
                    },
                    "parameters": {
                      "dataset": "@parameters('SPO Site (cr139_SPOSite)')",
                      "table": "@parameters('M365 Incidents List (cr139_M365IncidentsList)')",
                      "item/Title": "@items('Apply_to_each')?['title']",
                      "item/Service": "@items('Apply_to_each')?['service']",
                      "item/Status": "@items('Apply_to_each')?['status']",
                      "item/UserImpact": "@items('Apply_to_each')?['impactDescription']",
                      "item/Alert": "@items('Apply_to_each')?['classification']",
                      "item/Class": "@items('Apply_to_each')?['classification']",
                      "item/IncID": "@items('Apply_to_each')?['id']",
                      "item/Updated": "@items('Apply_to_each')?['lastModifiedDateTime']",
                      "item/StartTime": "@items('Apply_to_each')?['startDateTime']",
                      "item/EndTime": "@items('Apply_to_each')?['endDateTime']",
                      "item/Twitter": "False",
                      "item/IsResolved": "@items('Apply_to_each')?['isResolved']",
                      "item/HighImpact": "@items('Apply_to_each')?['highImpact']",
                      "item/Origin": "@items('Apply_to_each')?['origin']",
                      "item/Feature": "@items('Apply_to_each')?['feature']",
                      "item/FeatureGroup": "@items('Apply_to_each')?['featureGroup']"
                    },
                    "authentication": "@parameters('$authentication')"
                  }
                }
              },
              "runAfter": {
                "Get_items": [
                  "Succeeded"
                ]
              },
              "else": {
                "actions": {
                  "Apply_to_each_2": {
                    "foreach": "@outputs('Get_items')?['body/value']",
                    "actions": {
                      "Condition_2": {
                        "actions": {},
                        "runAfter": {},
                        "else": {
                          "actions": {
                            "Update_item": {
                              "runAfter": {},
                              "metadata": {
                                "operationMetadataId": "6245dd31-beea-4bcd-a248-9e21bcacde11"
                              },
                              "type": "OpenApiConnection",
                              "inputs": {
                                "host": {
                                  "connectionName": "shared_sharepointonline_1",
                                  "operationId": "PatchItem",
                                  "apiId": "/providers/Microsoft.PowerApps/apis/shared_sharepointonline"
                                },
                                "parameters": {
                                  "dataset": "@parameters('SPO Site (cr139_SPOSite)')",
                                  "table": "@parameters('M365 Incidents List (cr139_M365IncidentsList)')",
                                  "id": "@items('Apply_to_each_2')?['ID']",
                                  "item/Title": "@items('Apply_to_each_2')?['Title']",
                                  "item/Service": "@items('Apply_to_each')?['service']",
                                  "item/Status": "@items('Apply_to_each')?['status']",
                                  "item/UserImpact": "@items('Apply_to_each')?['impactDescription']",
                                  "item/Alert": "@items('Apply_to_each')?['classification']",
                                  "item/Class": "@items('Apply_to_each')?['classification']",
                                  "item/Updated": "@items('Apply_to_each')?['lastModifiedDateTime']",
                                  "item/StartTime": "@items('Apply_to_each')?['startDateTime']",
                                  "item/EndTime": "@items('Apply_to_each')?['endDateTime']",
                                  "item/IsResolved": "@items('Apply_to_each')?['isResolved']",
                                  "item/HighImpact": "@items('Apply_to_each')?['highImpact']",
                                  "item/Origin": "@items('Apply_to_each')?['origin']",
                                  "item/Feature": "@items('Apply_to_each')?['feature']",
                                  "item/FeatureGroup": "@items('Apply_to_each')?['featureGroup']"
                                },
                                "authentication": "@parameters('$authentication')"
                              }
                            }
                          }
                        },
                        "expression": {
                          "equals": [
                            "@formatDateTime(items('Apply_to_each_2')?['Updated'],'yyyy/MM/dd hh:mm tt')",
                            "@formatDateTime(items('Apply_to_each')?['lastModifiedDateTime'],'yyyy/MM/dd hh:mm tt')"
                          ]
                        },
                        "metadata": {
                          "operationMetadataId": "925e85e8-7a85-426a-b795-dd6e12e5b9ef"
                        },
                        "type": "If"
                      }
                    },
                    "runAfter": {},
                    "metadata": {
                      "operationMetadataId": "044d1b4c-9575-4851-abfb-086cc8eec6d6"
                    },
                    "type": "Foreach"
                  }
                }
              },
              "expression": {
                "equals": [
                  "@length(body('Get_items')?['value'])",
                  0
                ]
              },
              "metadata": {
                "operationMetadataId": "524f9e22-cf2f-4dfb-8ae5-00c8eae7b57a"
              },
              "type": "If"
            }
          },
          "runAfter": {
            "Parse_JSON": [
              "Succeeded"
            ]
          },
          "metadata": {
            "operationMetadataId": "473ee337-acff-476b-9c7a-9754befd1010"
          },
          "type": "Foreach"
        }
      },
      "outputs": {}
    }
  },
  "schemaVersion": "1.0.0.0"
}