<environmentvariabledefinition schemaname="cr139_M365IncidentsList">
  <apiid>/providers/microsoft.powerapps/apis/shared_sharepointonline</apiid>
  <description default="SPO List for M365 Incidents">
    <label description="SPO List for M365 Incidents" languagecode="1033" />
  </description>
  <displayname default="M365 Incidents List">
    <label description="M365 Incidents List" languagecode="1033" />
  </displayname>
  <introducedversion>1.0.0.1</introducedversion>
  <iscustomizable>1</iscustomizable>
  <isrequired>0</isrequired>
  <parameterkey>table</parameterkey>
  <parentdefinitionid>
    <schemaname>cr139_SPOSite</schemaname>
  </parentdefinitionid>
  <secretstore>0</secretstore>
  <type>100000004</type>
</environmentvariabledefinition>