<environmentvariabledefinition schemaname="cr139_Adminemail">
  <description default="This can be an email or distribution/group email">
    <label description="This can be an email or distribution/group email" languagecode="1033" />
  </description>
  <displayname default="Admin email">
    <label description="Admin email" languagecode="1033" />
  </displayname>
  <introducedversion>1.0.0.1</introducedversion>
  <iscustomizable>1</iscustomizable>
  <isrequired>0</isrequired>
  <secretstore>0</secretstore>
  <type>100000000</type>
</environmentvariabledefinition>