<environmentvariabledefinition schemaname="cr139_SPOSite">
  <apiid>/providers/microsoft.powerapps/apis/shared_sharepointonline</apiid>
  <description default="SPO site where incidents, message center and roadmap items lists will live in">
    <label description="SPO site where incidents, message center and roadmap items lists will live in" languagecode="1033" />
  </description>
  <displayname default="SPO Site">
    <label description="SPO Site" languagecode="1033" />
  </displayname>
  <introducedversion>1.0.0.1</introducedversion>
  <iscustomizable>1</iscustomizable>
  <isrequired>0</isrequired>
  <parameterkey>dataset</parameterkey>
  <secretstore>0</secretstore>
  <type>100000004</type>
</environmentvariabledefinition>