{
  "properties": {
    "connectionReferences": {
      "shared_office365_1": {
        "runtimeSource": "embedded",
        "connection": {
          "connectionReferenceLogicalName": "cr139_sharedoffice365_bea25"
        },
        "api": {
          "name": "shared_office365"
        }
      }
    },
    "definition": {
      "$schema": "https://schema.management.azure.com/providers/Microsoft.Logic/schemas/2016-06-01/workflowdefinition.json#",
      "contentVersion": "1.0.0.0",
      "parameters": {
        "$connections": {
          "defaultValue": {},
          "type": "Object"
        },
        "$authentication": {
          "defaultValue": {},
          "type": "SecureObject"
        },
        "Tenant ID (cr139_TenantID)": {
          "defaultValue": "b0464e4e-ab7a-4e19-9fd6-4d1b40da8a2a",
          "type": "String",
          "metadata": {
            "schemaName": "cr139_TenantID"
          }
        },
        "App ID (cr139_AppID)": {
          "defaultValue": "4b79b26d-12be-4b24-881f-fe94ed56a988",
          "type": "String",
          "metadata": {
            "schemaName": "cr139_AppID"
          }
        },
        "Secret (cr139_Secret)": {
          "defaultValue": "Sol7Q~WogWlZ_kHw3zsAMfzaOQ6AnZshFnovt",
          "type": "String",
          "metadata": {
            "schemaName": "cr139_Secret"
          }
        },
        "Admin email (cr139_Adminemail)": {
          "defaultValue": "morismontejo@andromeda1987.onmicrosoft.com",
          "type": "String",
          "metadata": {
            "schemaName": "cr139_Adminemail",
            "description": "This can be an email or distribution/group email"
          }
        }
      },
      "triggers": {
        "Recurrence": {
          "recurrence": {
            "frequency": "Day",
            "interval": 1,
            "timeZone": "Central Standard Time",
            "schedule": {
              "hours": [
                "9"
              ],
              "minutes": [
                0
              ]
            }
          },
          "metadata": {
            "operationMetadataId": "238efb22-6618-4144-bdf7-6ed4a99ce291"
          },
          "type": "Recurrence"
        }
      },
      "actions": {
        "Get_Microsoft_365_Incidents": {
          "runAfter": {},
          "metadata": {
            "operationMetadataId": "780be6b3-857e-4dfc-b544-c9b767add31e"
          },
          "type": "Http",
          "inputs": {
            "method": "GET",
            "uri": "https://graph.microsoft.com/v1.0/admin/serviceAnnouncement/issues",
            "headers": {
              "Content-Type": "application/json"
            },
            "authentication": {
              "type": "ActiveDirectoryOAuth",
              "tenant": "@parameters('Tenant ID (cr139_TenantID)')",
              "audience": "https://graph.microsoft.com",
              "clientId": "@parameters('App ID (cr139_AppID)')",
              "secret": "@parameters('Secret (cr139_Secret)')"
            }
          },
          "runtimeConfiguration": {
            "paginationPolicy": {
              "minimumItemCount": 1000
            }
          }
        },
        "Parse_JSON": {
          "runAfter": {
            "Get_Microsoft_365_Incidents": [
              "Succeeded"
            ]
          },
          "metadata": {
            "operationMetadataId": "d9b7486d-f265-4969-9a4a-787541c28c25"
          },
          "type": "ParseJson",
          "inputs": {
            "content": "@body('Get_Microsoft_365_Incidents')",
            "schema": {
              "type": "object",
              "properties": {
                "value": {
                  "type": "array",
                  "items": {
                    "type": "object",
                    "properties": {
                      "startDateTime": {},
                      "endDateTime": {},
                      "lastModifiedDateTime": {},
                      "title": {},
                      "id": {},
                      "impactDescription": {},
                      "classification": {},
                      "origin": {},
                      "status": {},
                      "service": {},
                      "feature": {},
                      "featureGroup": {},
                      "isResolved": {},
                      "details": {
                        "type": "array"
                      },
                      "posts": {
                        "type": "array",
                        "items": {
                          "type": "object",
                          "properties": {
                            "createdDateTime": {
                              "type": "string"
                            },
                            "postType": {
                              "type": "string"
                            },
                            "description": {
                              "type": "object",
                              "properties": {
                                "contentType": {
                                  "type": "string"
                                },
                                "content": {
                                  "type": "string"
                                }
                              }
                            }
                          },
                          "required": [
                            "createdDateTime",
                            "postType",
                            "description"
                          ]
                        }
                      }
                    },
                    "required": [
                      "startDateTime",
                      "endDateTime",
                      "lastModifiedDateTime",
                      "title",
                      "id",
                      "impactDescription",
                      "classification",
                      "origin",
                      "status",
                      "service",
                      "feature",
                      "featureGroup",
                      "isResolved",
                      "details",
                      "posts"
                    ]
                  }
                }
              }
            }
          }
        },
        "Filter_array": {
          "runAfter": {
            "Parse_JSON": [
              "Succeeded"
            ]
          },
          "metadata": {
            "operationMetadataId": "cef37832-b438-441c-81d1-02c859443fa4"
          },
          "type": "Query",
          "inputs": {
            "from": "@body('Parse_JSON')?['value']",
            "where": "@equals(item()?['endDateTime'], null)"
          }
        },
        "Create_HTML_table": {
          "runAfter": {
            "Filter_array": [
              "Succeeded"
            ]
          },
          "metadata": {
            "operationMetadataId": "943b0511-02ec-467f-8093-618ebe9aeec4"
          },
          "type": "Table",
          "inputs": {
            "from": "@body('Filter_array')",
            "format": "HTML",
            "columns": [
              {
                "header": "Service",
                "value": "@item()?['service']"
              },
              {
                "header": "Title",
                "value": "@item()?['title']"
              },
              {
                "header": "ImpactDescription",
                "value": "@item()?['impactDescription']"
              },
              {
                "header": "Class",
                "value": "@item()?['classification']"
              },
              {
                "header": "ID",
                "value": "@item()?['id']"
              },
              {
                "header": "Origin",
                "value": "@item()?['origin']"
              },
              {
                "header": "Status",
                "value": "@item()?['status']"
              },
              {
                "header": "Feature",
                "value": "@item()?['feature']"
              },
              {
                "header": "FeatureGroup",
                "value": "@item()?['featureGroup']"
              },
              {
                "header": "Updated",
                "value": "@convertTimeZone(item()['LastModifiedDateTime'],'UTC','Central Standard Time','MM-dd-yyyy HH:mm:ss tt')"
              },
              {
                "header": "StartTime",
                "value": "@convertTimeZone(item()['startDateTime'],'UTC','Central Standard Time','MM-dd-yyyy HH:mm:ss tt')"
              }
            ]
          }
        },
        "Send_an_email_(V2)": {
          "runAfter": {
            "Create_HTML_table": [
              "Succeeded"
            ]
          },
          "metadata": {
            "operationMetadataId": "4d2585ca-2d62-47ab-ae40-c935dc073596"
          },
          "type": "OpenApiConnection",
          "inputs": {
            "host": {
              "connectionName": "shared_office365_1",
              "operationId": "SendEmailV2",
              "apiId": "/providers/Microsoft.PowerApps/apis/shared_office365"
            },
            "parameters": {
              "emailMessage/To": "@parameters('Admin email (cr139_Adminemail)')",
              "emailMessage/Subject": "M365 Open Incident Notices: @{formatDateTime(utcNow(),'MM-dd-yyyy')}",
              "emailMessage/Body": "<html>\n <head>\n<style>\ntable {\n   border-collapse: collapse;\n  width: 100%;\n   width: 100%; center;\n}\ntd, th {\n   border: 1px solid #ddd;\n   padding: 4px;\n}\nth {\n   padding-top: 8px;\n   padding-bottom: 8px;\n   background-color: #7F7D7E;\n   color: white;\n   font-weight: normal;\n}\n </style>\n</head>\n<body>\n<span style=\"display:none\">\nAttention! Below is the O365 Open Incidents Report ...\n<br/><br/>\n</span>\n</span>\n<br/><br/>\n@{body('Create_HTML_table')}\n<br/><br/>\n<span>Click <a href=\"https://admin.microsoft.com/AdminPortal/Home#/servicehealth\">here</a> to visit the Service Health Dashboard. </span>\n</body>\n</html>"
            },
            "authentication": "@parameters('$authentication')"
          }
        },
        "Create_CSV_table": {
          "runAfter": {
            "Filter_array": [
              "Succeeded"
            ]
          },
          "metadata": {
            "operationMetadataId": "e8bd7468-19f3-42ba-a52a-0a14f6d62343"
          },
          "type": "Table",
          "inputs": {
            "from": "@body('Filter_array')",
            "format": "CSV",
            "columns": [
              {
                "header": "Service",
                "value": "@item()?['service']"
              },
              {
                "header": "Title",
                "value": "@item()?['title']"
              },
              {
                "header": "ImpactDescription",
                "value": "@item()?['impactDescription']"
              },
              {
                "header": "Class",
                "value": "@item()?['classification']"
              },
              {
                "header": "ID",
                "value": "@item()?['id']"
              },
              {
                "header": "Origin",
                "value": "@item()?['origin']"
              },
              {
                "header": "Status",
                "value": "@item()?['status']"
              },
              {
                "header": "Feature",
                "value": "@item()?['feature']"
              },
              {
                "header": "FeatureGroup",
                "value": "@item()?['featureGroup']"
              },
              {
                "header": "Updated",
                "value": "@convertTimeZone(item()['LastModifiedDateTime'],'UTC','Central Standard Time','MM-dd-yyyy HH:mm:ss tt')"
              },
              {
                "header": "StartTime",
                "value": "@convertTimeZone(item()['startDateTime'],'UTC','Central Standard Time','MM-dd-yyyy HH:mm:ss tt')"
              }
            ]
          }
        }
      },
      "outputs": {}
    },
    "templateName": ""
  },
  "schemaVersion": "1.0.0.0"
}